번호                                      제목                                                                                  작성일           조회수,,,,
,[공통]  2021-1학기 학습전략워크숍(학습법 특강),,2021-05-11,524
,[공통]  2021학년도 후기 일반대학원 신(편)입생 모집 안내,,2021-05-07,1355
,[공통]  2021년 가천 스탬프 투어 운영 안내,,2021-03-12,11366
,[공통]  2021-1학기 수업운영 기준 안내,,2021-02-16,39357
9615,[공통]  [2021-하계] 단기 현장실습(실습학기제) 시행 안내,,2021-05-14,991
9614,"[공통]  [가천 PRIDE UP] 가천 Elite멘토 직무톡톡(Talk,Talk) 온라인 실시간...",,2021-05-14,306
9613,[공통]  2021학년도 하계 계절학기 가톨릭대학교 학점교류 안내,,2021-05-14,78
9612,[글로벌]  2021학년도 과학영재교육원 브릿지과정 사회봉사자(TA) 모집 안내,,2021-05-14,161
9611,[공통]  2021학년도 하계 계절학기 1차 폐강 교과목 안내,,2021-05-14,987
9610,[공통]  2021학년도 자격증 지원금 지급 안내,,2021-05-14,2395
9609,[공통]  2021 성남시 청년 전공살리기(전공하JOB!) 현장실습 참여자 모집 안...,,2021-05-13,1652
9608,[공통]  [IPP] 단기(하계)+IPP장기현장실습 실습생모집_(주)펀앤쇼핑,,2021-05-13,635
9607,[공통]  가천대학교 「초기창업패키지」 창업동아리 지원사업 추가모집 안내,,2021-05-13,266
9606,[공통]  아시아문화 융합전공 학생모집,,2021-05-13,345
9605,[공통]  [교육혁신팀] '대학혁신지원사업 융합전공' 진입생 모집,,2021-05-12,684
9604,[공통]  2021학년도 하계 계절학기 대진대학교 학점교류 안내,,2021-05-12,104
9603,[글로벌]  [가천인권센터] 2021 마음이음(또래상담자 양성프로그램) 기본과정 2차...,,2021-05-12,595
9602,[글로벌]  2021학년도 과학영재교육원 사회봉사자 모집공고(단기),,2021-05-12,424
9601,[공통]  게임산업 관련 온라인 특강 [게임진로공략.ZIP] 안내,,2021-05-11,559
9600,[공통]  [IPP] 단기+IPP장기현장실습 실습생모집_인베니아(주),,2021-05-11,1029
9599,[공통]  에듀스 취업솔루션 이용 안내,,2021-05-11,466
9598,[공통]  온라인 IT 자격증 강좌 운영 안내,,2021-05-11,1025
9597,[공통]  잡플래닛 서비스 활용 안내,,2021-05-11,596
9596,[공통]  AI 면접 분석기 활용 안내,,2021-05-11,362
